feature,mean_abs_shap
age,0.46017821085003086
resp_rate,0.4421831064467302
heart_rate,0.31480739425090243
dbp,0.20228954120320475
temperature,0.19294940975604502
sbp,0.19094883940341048
spo2,0.1736495898440905
mbp,0.09933297726578756
gender,0.00012446425205410783
