model,roc_auc_mean,roc_auc_std,pr_auc_mean,pr_auc_std,brier_mean,brier_std,ece_mean,ece_std,precision_mean,recall_mean,f1_mean,threshold_median,threshold_iqr_low,threshold_iqr_high
calibrated_sigmoid,0.777445232449191,0.02804350144661943,0.4490960175657367,0.07346152081431637,0.09270574799553571,0.01352969272439883,0.027864945540281804,0.0072952089789107295,0.3997604201540007,0.4329876789955426,0.3808850713505902,0.25,0.15000000000000002,0.30000000000000004
uncalibrated,0.764493548617011,0.026535025725699043,0.42266419875303357,0.06674256831480425,0.0977805095636187,0.013580005126902576,0.04884816709004708,0.007131705385002481,0.3642289885379223,0.4511219445261408,0.3861150565548664,0.2,0.1,0.35
