model,roc_auc_mean,roc_auc_std,pr_auc_mean,pr_auc_std
HistGradientBoosting,0.797916431109112,0.04368538558944508,0.44288050089716613,0.06317548762429123
LogisticRegression,0.7951292847731615,0.04180093045760421,0.4096233699299881,0.05844995457053629
